{
  "IcoMoonType": "selection",
  "icons": [
    {
      "icon": {
        "paths": [
          "M736 64h-608c-35.328 0-64 28.608-64 64v768c0 35.392 28.672 64 64 64h768c35.328 0 64-28.608 64-64v-608l-224-224zM512 672c-88.384 0-160-71.68-160-160s71.616-160 160-160 160 71.68 160 160-71.616 160-160 160zM736 320h-448v-192h448v192z"
        ],
        "attrs": [
          {}
        ],
        "grid": 0,
        "tags": [
          "save"
        ],
        "isMulticolor": false,
        "isMulticolor2": false
      },
      "attrs": [
        {}
      ],
      "properties": {
        "order": 31,
        "id": 0,
        "name": "save",
        "prevSize": 32,
        "code": 59648
      },
      "setIdx": 0,
      "setId": 3,
      "iconIdx": 0
    },
    {
      "icon": {
        "paths": [
          "M768 960c128-192 128-448-384-448v192l-320-320 320-320v192c576 0 640 540.096 384 704z"
        ],
        "attrs": [
          {}
        ],
        "isMulticolor": false,
        "isMulticolor2": false,
        "grid": 0,
        "tags": [
          "revert"
        ]
      },
      "attrs": [
        {}
      ],
      "properties": {
        "order": 32,
        "id": 1,
        "name": "revert",
        "prevSize": 32,
        "code": 59649
      },
      "setIdx": 0,
      "setId": 3,
      "iconIdx": 1
    },
    {
      "icon": {
        "paths": [
          "M224 960h576l64-576h-704z",
          "M833.472 192c-0.448 0-0.832 0.256-1.28 0.256l-0.192-0.256h-192v-64c0-35.392-28.672-64-64-64h-128c-35.328 0-64 28.608-64 64v64h-192l-0.256 0.256c-0.448 0-0.832-0.256-1.216-0.256-34.56 0-62.528 28.032-62.528 62.528v65.472h768v-65.472c0-34.496-27.968-62.528-62.528-62.528zM576 192h-128v-64h128v64z"
        ],
        "attrs": [
          {},
          {}
        ],
        "isMulticolor": false,
        "isMulticolor2": false,
        "grid": 0,
        "tags": [
          "delete"
        ]
      },
      "attrs": [
        {},
        {}
      ],
      "properties": {
        "order": 33,
        "id": 3,
        "name": "delete",
        "prevSize": 32,
        "code": 59650
      },
      "setIdx": 0,
      "setId": 3,
      "iconIdx": 2
    },
    {
      "icon": {
        "paths": [
          "M576 64h-384v896h640v-640l-256-256zM768 320h-192v-192z"
        ],
        "attrs": [
          {}
        ],
        "isMulticolor": false,
        "isMulticolor2": false,
        "grid": 0,
        "tags": [
          "file"
        ]
      },
      "attrs": [
        {}
      ],
      "properties": {
        "order": 34,
        "id": 2,
        "name": "file",
        "prevSize": 32,
        "code": 59651
      },
      "setIdx": 0,
      "setId": 3,
      "iconIdx": 3
    },
    {
      "icon": {
        "paths": [
          "M640 192h-320v768h512v-576l-192-192zM640 384v-128l128 128h-128z",
          "M576 64h-384v832h64v-768h384z"
        ],
        "attrs": [
          {},
          {}
        ],
        "grid": 0,
        "tags": [
          "duplicate"
        ],
        "isMulticolor": false,
        "isMulticolor2": false
      },
      "attrs": [
        {},
        {}
      ],
      "properties": {
        "order": 35,
        "id": 5,
        "name": "duplicate",
        "prevSize": 32,
        "code": 59652
      },
      "setIdx": 0,
      "setId": 3,
      "iconIdx": 4
    },
    {
      "icon": {
        "paths": [
          "M960 384h-320v-320h-256v320h-320v256h320v320h256v-320h320z"
        ],
        "attrs": [
          {}
        ],
        "isMulticolor": false,
        "isMulticolor2": false,
        "grid": 0,
        "tags": [
          "add"
        ]
      },
      "attrs": [
        {}
      ],
      "properties": {
        "order": 36,
        "id": 4,
        "name": "add",
        "prevSize": 32,
        "code": 59653
      },
      "setIdx": 0,
      "setId": 3,
      "iconIdx": 5
    },
    {
      "icon": {
        "paths": [
          "M512 64c-247.424 0-448 200.576-448 448s200.576 448 448 448v0c247.424 0 448-200.576 448-448s-200.576-448-448-448v0zM512 896c-212.077 0-384-171.923-384-384s171.923-384 384-384v0c212.077 0 384 171.923 384 384s-171.923 384-384 384v0z",
          "M448 224h128v352h-128z",
          "M448 448h256v128h-256z"
        ],
        "attrs": [
          {},
          {},
          {}
        ],
        "isMulticolor": false,
        "isMulticolor2": false,
        "grid": 0,
        "tags": [
          "time"
        ]
      },
      "attrs": [
        {},
        {},
        {}
      ],
      "properties": {
        "order": 37,
        "id": 7,
        "name": "time",
        "prevSize": 32,
        "code": 59654
      },
      "setIdx": 0,
      "setId": 3,
      "iconIdx": 6
    },
    {
      "icon": {
        "paths": [
          "M416 608l-256-160-64 128 384 320 448-672-64-128z"
        ],
        "attrs": [
          {}
        ],
        "isMulticolor": false,
        "isMulticolor2": false,
        "grid": 0,
        "tags": [
          "mark"
        ]
      },
      "attrs": [
        {}
      ],
      "properties": {
        "order": 38,
        "id": 6,
        "name": "mark",
        "prevSize": 32,
        "code": 59655
      },
      "setIdx": 0,
      "setId": 3,
      "iconIdx": 7
    },
    {
      "icon": {
        "paths": [
          "M512.008 12.642c-282.738 0-512.008 229.218-512.008 511.998 0 226.214 146.704 418.132 350.136 485.836 25.586 4.738 34.992-11.11 34.992-24.632 0-12.204-0.48-52.542-0.696-95.324-142.448 30.976-172.504-60.41-172.504-60.41-23.282-59.176-56.848-74.916-56.848-74.916-46.452-31.778 3.51-31.124 3.51-31.124 51.4 3.61 78.476 52.766 78.476 52.766 45.672 78.27 119.776 55.64 149.004 42.558 4.588-33.086 17.852-55.68 32.506-68.464-113.73-12.942-233.276-56.85-233.276-253.032 0-55.898 20.004-101.574 52.76-137.428-5.316-12.9-22.854-64.972 4.952-135.5 0 0 43.006-13.752 140.84 52.49 40.836-11.348 84.636-17.036 128.154-17.234 43.502 0.198 87.336 5.886 128.256 17.234 97.734-66.244 140.656-52.49 140.656-52.49 27.872 70.528 10.35 122.6 5.036 135.5 32.82 35.856 52.694 81.532 52.694 137.428 0 196.654-119.778 239.95-233.79 252.624 18.364 15.89 34.724 47.046 34.724 94.812 0 68.508-0.596 123.644-0.596 140.508 0 13.628 9.222 29.594 35.172 24.566 203.322-67.776 349.842-259.626 349.842-485.768 0-282.78-229.234-511.998-511.992-511.998z"
        ],
        "attrs": [
          {}
        ],
        "isMulticolor": false,
        "isMulticolor2": false,
        "tags": [
          "github",
          "brand",
          "octacat",
          "social"
        ],
        "grid": 16
      },
      "attrs": [
        {}
      ],
      "properties": {
        "order": 39,
        "id": 8,
        "name": "github, brand, octacat, social",
        "prevSize": 32,
        "code": 59656
      },
      "setIdx": 0,
      "setId": 3,
      "iconIdx": 8
    }
  ],
  "height": 1024,
  "metadata": {
    "name": "icomoon"
  },
  "preferences": {
    "showGlyphs": true,
    "showQuickUse": true,
    "showQuickUse2": true,
    "showSVGs": true,
    "fontPref": {
      "prefix": "icon-",
      "metadata": {
        "fontFamily": "icomoon",
        "majorVersion": 1,
        "minorVersion": 0
      },
      "metrics": {
        "emSize": 1024,
        "baseline": 6.25,
        "whitespace": 50
      },
      "embed": false,
      "noie8": true,
      "ie7": false
    },
    "imagePref": {
      "prefix": "icon-",
      "png": true,
      "useClassSelector": true,
      "color": 0,
      "bgColor": 16777215,
      "classSelector": ".icon"
    },
    "historySize": 50,
    "showCodes": true,
    "gridSize": 16,
    "showGrid": true
  }
}