{
  "IcoMoonType": "selection",
  "icons": [
    {
      "icon": {
        "paths": [
          "M63.975 863.989l800.007-800.007 95.985 95.985-800.007 800.007-95.985-95.985z"
        ],
        "attrs": [
          {}
        ],
        "isMulticolor": false,
        "isMulticolor2": false,
        "grid": 16,
        "tags": [
          "slash"
        ]
      },
      "attrs": [
        {}
      ],
      "properties": {
        "order": 61,
        "id": 19,
        "name": "slash",
        "prevSize": 32,
        "code": 59667
      },
      "setIdx": 0,
      "setId": 1,
      "iconIdx": 0
    },
    {
      "icon": {
        "paths": [
          "M736 64h-608c-35.328 0-64 28.608-64 64v768c0 35.392 28.672 64 64 64h768c35.328 0 64-28.608 64-64v-608l-224-224zM512 672c-88.384 0-160-71.68-160-160s71.616-160 160-160 160 71.68 160 160-71.616 160-160 160zM736 320h-448v-192h448v192z"
        ],
        "attrs": [
          {}
        ],
        "grid": 16,
        "tags": [
          "save"
        ],
        "isMulticolor": false,
        "isMulticolor2": false
      },
      "attrs": [
        {}
      ],
      "properties": {
        "order": 42,
        "id": 0,
        "name": "save",
        "prevSize": 32,
        "code": 59648
      },
      "setIdx": 0,
      "setId": 1,
      "iconIdx": 1
    },
    {
      "icon": {
        "paths": [
          "M768 960c128-192 128-448-384-448v192l-320-320 320-320v192c576 0 640 540.096 384 704z"
        ],
        "attrs": [
          {}
        ],
        "isMulticolor": false,
        "isMulticolor2": false,
        "grid": 16,
        "tags": [
          "revert"
        ]
      },
      "attrs": [
        {}
      ],
      "properties": {
        "order": 43,
        "id": 1,
        "name": "revert",
        "prevSize": 32,
        "code": 59649
      },
      "setIdx": 0,
      "setId": 1,
      "iconIdx": 2
    },
    {
      "icon": {
        "paths": [
          "M224 960h576l64-576h-704z",
          "M833.472 192c-0.448 0-0.832 0.256-1.28 0.256l-0.192-0.256h-192v-64c0-35.392-28.672-64-64-64h-128c-35.328 0-64 28.608-64 64v64h-192l-0.256 0.256c-0.448 0-0.832-0.256-1.216-0.256-34.56 0-62.528 28.032-62.528 62.528v65.472h768v-65.472c0-34.496-27.968-62.528-62.528-62.528zM576 192h-128v-64h128v64z"
        ],
        "attrs": [
          {},
          {}
        ],
        "isMulticolor": false,
        "isMulticolor2": false,
        "grid": 16,
        "tags": [
          "delete"
        ]
      },
      "attrs": [
        {},
        {}
      ],
      "properties": {
        "order": 44,
        "id": 3,
        "name": "delete",
        "prevSize": 32,
        "code": 59650
      },
      "setIdx": 0,
      "setId": 1,
      "iconIdx": 3
    },
    {
      "icon": {
        "paths": [
          "M576 64h-384v896h640v-640l-256-256zM768 320h-192v-192z"
        ],
        "attrs": [
          {}
        ],
        "isMulticolor": false,
        "isMulticolor2": false,
        "grid": 16,
        "tags": [
          "file"
        ]
      },
      "attrs": [
        {}
      ],
      "properties": {
        "order": 45,
        "id": 2,
        "name": "file",
        "prevSize": 32,
        "code": 59651
      },
      "setIdx": 0,
      "setId": 1,
      "iconIdx": 4
    },
    {
      "icon": {
        "paths": [
          "M640 192h-320v768h512v-576l-192-192zM640 384v-128l128 128h-128z",
          "M576 64h-384v832h64v-768h384z"
        ],
        "attrs": [
          {},
          {}
        ],
        "grid": 16,
        "tags": [
          "duplicate"
        ],
        "isMulticolor": false,
        "isMulticolor2": false
      },
      "attrs": [
        {},
        {}
      ],
      "properties": {
        "order": 46,
        "id": 5,
        "name": "duplicate",
        "prevSize": 32,
        "code": 59652
      },
      "setIdx": 0,
      "setId": 1,
      "iconIdx": 5
    },
    {
      "icon": {
        "paths": [
          "M960 384h-320v-320h-256v320h-320v256h320v320h256v-320h320z"
        ],
        "attrs": [
          {}
        ],
        "isMulticolor": false,
        "isMulticolor2": false,
        "grid": 16,
        "tags": [
          "add"
        ]
      },
      "attrs": [
        {}
      ],
      "properties": {
        "order": 47,
        "id": 4,
        "name": "add",
        "prevSize": 32,
        "code": 59653
      },
      "setIdx": 0,
      "setId": 1,
      "iconIdx": 6
    },
    {
      "icon": {
        "paths": [
          "M512 768v63.104c176.256 0 319.104-142.848 319.104-319.104 0-99.136-46.144-186.56-116.992-245.056l63.552-31.744c72.832 69.888 118.336 167.936 118.336 276.8 0 212.032-171.968 384-384 384v64l-192-96 192-96z",
          "M512 128v-64l192 96-192 96v-63.104c-176.256 0-319.104 142.848-319.104 319.104 0 99.136 46.144 186.56 116.992 245.056l-63.552 31.744c-72.832-69.888-118.336-167.936-118.336-276.8 0-212.032 171.968-384 384-384z"
        ],
        "attrs": [
          {},
          {}
        ],
        "isMulticolor": false,
        "isMulticolor2": false,
        "grid": 16,
        "tags": [
          "sync"
        ]
      },
      "attrs": [
        {},
        {}
      ],
      "properties": {
        "order": 41,
        "id": 9,
        "name": "sync",
        "prevSize": 32,
        "code": 59657
      },
      "setIdx": 0,
      "setId": 1,
      "iconIdx": 7
    },
    {
      "icon": {
        "paths": [
          "M512 64c-247.424 0-448 200.576-448 448s200.576 448 448 448v0c247.424 0 448-200.576 448-448s-200.576-448-448-448v0zM512 896c-212.077 0-384-171.923-384-384s171.923-384 384-384v0c212.077 0 384 171.923 384 384s-171.923 384-384 384v0z",
          "M448 224h128v352h-128z",
          "M448 448h256v128h-256z"
        ],
        "attrs": [
          {},
          {},
          {}
        ],
        "isMulticolor": false,
        "isMulticolor2": false,
        "grid": 16,
        "tags": [
          "time"
        ]
      },
      "attrs": [
        {},
        {},
        {}
      ],
      "properties": {
        "order": 48,
        "id": 7,
        "name": "time",
        "prevSize": 32,
        "code": 59654
      },
      "setIdx": 0,
      "setId": 1,
      "iconIdx": 8
    },
    {
      "icon": {
        "paths": [
          "M416 608l-256-160-64 128 384 320 448-672-64-128z"
        ],
        "attrs": [
          {}
        ],
        "isMulticolor": false,
        "isMulticolor2": false,
        "grid": 16,
        "tags": [
          "mark"
        ]
      },
      "attrs": [
        {}
      ],
      "properties": {
        "order": 49,
        "id": 6,
        "name": "mark",
        "prevSize": 32,
        "code": 59655
      },
      "setIdx": 0,
      "setId": 1,
      "iconIdx": 9
    },
    {
      "icon": {
        "paths": [
          "M512.008 12.642c-282.738 0-512.008 229.218-512.008 511.998 0 226.214 146.704 418.132 350.136 485.836 25.586 4.738 34.992-11.11 34.992-24.632 0-12.204-0.48-52.542-0.696-95.324-142.448 30.976-172.504-60.41-172.504-60.41-23.282-59.176-56.848-74.916-56.848-74.916-46.452-31.778 3.51-31.124 3.51-31.124 51.4 3.61 78.476 52.766 78.476 52.766 45.672 78.27 119.776 55.64 149.004 42.558 4.588-33.086 17.852-55.68 32.506-68.464-113.73-12.942-233.276-56.85-233.276-253.032 0-55.898 20.004-101.574 52.76-137.428-5.316-12.9-22.854-64.972 4.952-135.5 0 0 43.006-13.752 140.84 52.49 40.836-11.348 84.636-17.036 128.154-17.234 43.502 0.198 87.336 5.886 128.256 17.234 97.734-66.244 140.656-52.49 140.656-52.49 27.872 70.528 10.35 122.6 5.036 135.5 32.82 35.856 52.694 81.532 52.694 137.428 0 196.654-119.778 239.95-233.79 252.624 18.364 15.89 34.724 47.046 34.724 94.812 0 68.508-0.596 123.644-0.596 140.508 0 13.628 9.222 29.594 35.172 24.566 203.322-67.776 349.842-259.626 349.842-485.768 0-282.78-229.234-511.998-511.992-511.998z"
        ],
        "attrs": [
          {}
        ],
        "isMulticolor": false,
        "isMulticolor2": false,
        "tags": [
          "github",
          "brand",
          "octacat",
          "social"
        ],
        "grid": 16
      },
      "attrs": [
        {}
      ],
      "properties": {
        "order": 50,
        "id": 8,
        "name": "github, brand, octacat, social",
        "prevSize": 32,
        "code": 59656
      },
      "setIdx": 0,
      "setId": 1,
      "iconIdx": 10
    },
    {
      "icon": {
        "paths": [
          "M208 64c-79.552 0-144 64.512-144 144s64.448 144 144 144 144-64.512 144-144-64.448-144-144-144zM208 288c-44.16 0-80-35.84-80-80s35.84-80 80-80 80 35.84 80 80-35.84 80-80 80z",
          "M816 672c-79.552 0-144 64.512-144 144s64.448 144 144 144 144-64.512 144-144-64.448-144-144-144zM816 896c-44.16 0-80-35.84-80-80s35.84-80 80-80 80 35.84 80 80-35.84 80-80 80z",
          "M464 672c-79.552 0-144 64.512-144 144s64.448 144 144 144 144-64.512 144-144-64.448-144-144-144zM464 896c-44.16 0-80-35.84-80-80s35.84-80 80-80 80 35.84 80 80-35.84 80-80 80z",
          "M64.003 826.629l524.16-726.746 51.858 37.403-524.16 726.746-51.858-37.403z"
        ],
        "attrs": [
          {},
          {},
          {},
          {}
        ],
        "isMulticolor": false,
        "isMulticolor2": false,
        "grid": 16,
        "tags": [
          "promile"
        ]
      },
      "attrs": [
        {},
        {},
        {},
        {}
      ],
      "properties": {
        "order": 51,
        "id": 11,
        "name": "promile",
        "prevSize": 32,
        "code": 59658
      },
      "setIdx": 0,
      "setId": 1,
      "iconIdx": 11
    },
    {
      "icon": {
        "paths": [
          "M512 64c-247.424 0-448 200.576-448 448s200.576 448 448 448 448-200.576 448-448-200.576-448-448-448zM192 416h640v192h-640v-192z"
        ],
        "attrs": [
          {}
        ],
        "grid": 16,
        "tags": [
          "stop"
        ],
        "isMulticolor": false,
        "isMulticolor2": false
      },
      "attrs": [
        {}
      ],
      "properties": {
        "order": 52,
        "id": 10,
        "name": "stop",
        "prevSize": 32,
        "code": 59659
      },
      "setIdx": 0,
      "setId": 1,
      "iconIdx": 12
    },
    {
      "icon": {
        "paths": [
          "M64 640h896v128h-896v-128z",
          "M64 448h896v128h-896v-128z",
          "M64 256h896v128h-896v-128z",
          "M384 192.128l128-160.128 128 160.128z",
          "M640 831.936l-128 160.128-128-160.128z"
        ],
        "attrs": [
          {},
          {},
          {},
          {},
          {}
        ],
        "grid": 16,
        "tags": [
          "drag"
        ],
        "isMulticolor": false,
        "isMulticolor2": false
      },
      "attrs": [
        {},
        {},
        {},
        {},
        {}
      ],
      "properties": {
        "order": 53,
        "id": 12,
        "name": "drag",
        "prevSize": 32,
        "code": 59660
      },
      "setIdx": 0,
      "setId": 1,
      "iconIdx": 13
    },
    {
      "icon": {
        "paths": [
          "M836.032 846.848l128-221.696-104.576-60.352c2.624-17.28 4.352-34.816 4.352-52.8s-1.792-35.52-4.352-52.736l104.512-60.352-128-221.76-104.384 60.224c-27.456-22.016-58.304-39.744-91.584-52.8v-120.576h-256v120.576c-33.28 13.056-64.128 30.848-91.584 52.864l-104.384-60.224-128 221.632 104.576 60.352c-2.56 17.28-4.352 34.816-4.352 52.8s1.792 35.52 4.352 52.736l-104.576 60.416 128 221.76 104.384-60.288c27.456 22.016 58.304 39.808 91.584 52.864v120.512h256v-120.576c33.28-13.056 64.128-30.848 91.584-52.8l104.448 60.224zM512.064 698.304c-102.912 0-186.304-83.456-186.304-186.304 0-102.912 83.392-186.304 186.304-186.304s186.304 83.392 186.304 186.304c0 102.848-83.456 186.304-186.304 186.304z"
        ],
        "attrs": [
          {}
        ],
        "isMulticolor": false,
        "isMulticolor2": false,
        "grid": 16,
        "tags": [
          "cog"
        ]
      },
      "attrs": [
        {}
      ],
      "properties": {
        "order": 54,
        "id": 13,
        "name": "cog",
        "prevSize": 32,
        "code": 59661
      },
      "setIdx": 0,
      "setId": 1,
      "iconIdx": 14
    },
    {
      "icon": {
        "paths": [
          "M220.441 622.616l558.575-558.575 181.018 181.018-558.575 558.575-181.018-181.018z",
          "M64 960l107.008-288 180.992 181.056z"
        ],
        "attrs": [
          {},
          {}
        ],
        "isMulticolor": false,
        "isMulticolor2": false,
        "grid": 16,
        "tags": [
          "pencil"
        ]
      },
      "attrs": [
        {},
        {}
      ],
      "properties": {
        "order": 55,
        "id": 14,
        "name": "pencil",
        "prevSize": 32,
        "code": 59662
      },
      "setIdx": 0,
      "setId": 1,
      "iconIdx": 15
    },
    {
      "icon": {
        "paths": [
          "M960 864l-352-352 352-352-96-96-352 352-352-352-96 96 352 352-352 352 96 96 352-352 352 352z"
        ],
        "attrs": [
          {}
        ],
        "grid": 16,
        "tags": [
          "close"
        ],
        "isMulticolor": false,
        "isMulticolor2": false
      },
      "attrs": [
        {}
      ],
      "properties": {
        "order": 56,
        "id": 15,
        "name": "close",
        "prevSize": 32,
        "code": 59663
      },
      "setIdx": 0,
      "setId": 1,
      "iconIdx": 16
    },
    {
      "icon": {
        "paths": [
          "M350.528 190.4l-286.528 107.456v301.248l612.16 204.032 283.84-177.344v-266.048l-609.472-169.344zM316.992 389.056l200.256-85.888 139.328 38.656-183.616 92.16-155.968-44.928zM465.024 454.016l-1.024 210.944-160-53.312v-217.6l161.024 59.968zM496 470.208l173.504 41.216-13.504 217.536-160-53.312v-205.44zM671.808 506.88l-150.144-61.824 180.928-90.368 159.744 44.288-190.528 107.904zM353.472 257.664l114.56 31.808-180.736 77.44-119.232-39.744 185.408-69.504zM128 347.584l144 48v205.376l-144-48v-205.376zM688 720.256l-13.504-209.088 221.504-93.248v172.352l-208 129.984z"
        ],
        "attrs": [
          {}
        ],
        "isMulticolor": false,
        "isMulticolor2": false,
        "grid": 16,
        "tags": [
          "stack"
        ]
      },
      "attrs": [
        {}
      ],
      "properties": {
        "order": 57,
        "id": 16,
        "name": "stack",
        "prevSize": 32,
        "code": 59664
      },
      "setIdx": 0,
      "setId": 1,
      "iconIdx": 17
    },
    {
      "icon": {
        "paths": [
          "M368 192c-61.824 0-112 50.112-112 112s50.176 112 112 112 112-50.112 112-112-50.112-112-112-112zM368 352c-26.496 0-48-21.504-48-48s21.504-48 48-48 48 21.504 48 48-21.504 48-48 48z",
          "M512 448c-70.656 0-128 57.344-128 128s57.344 128 128 128 128-57.344 128-128-57.28-128-128-128zM512 640c-35.328 0-64-28.608-64-64s28.672-64 64-64 64 28.608 64 64-28.608 64-64 64z",
          "M656 64c-61.824 0-112 50.112-112 112s50.176 112 112 112 112-50.112 112-112-50.112-112-112-112zM656 224c-26.496 0-48-21.504-48-48s21.504-48 48-48 48 21.504 48 48-21.504 48-48 48z",
          "M611.456 601.152l-28.672 57.28 213.504 92.8-136.256 131.072-368.192-182.784 138.624-88.832-18.304-64.192-249.984 160 509.824 253.184 237.76-228.928z"
        ],
        "attrs": [
          {},
          {},
          {},
          {}
        ],
        "grid": 16,
        "tags": [
          "money"
        ],
        "isMulticolor": false,
        "isMulticolor2": false
      },
      "attrs": [
        {},
        {},
        {},
        {}
      ],
      "properties": {
        "order": 59,
        "id": 17,
        "name": "money",
        "prevSize": 32,
        "code": 59665
      },
      "setIdx": 0,
      "setId": 1,
      "iconIdx": 18
    },
    {
      "icon": {
        "paths": [
          "M512 256c-189.376 0-354.368 103.104-442.944 256 88.576 152.896 253.568 256 442.944 256s354.368-103.104 442.944-256c-88.576-152.896-253.568-256-442.944-256zM512 702.592c-105.28 0-190.592-85.312-190.592-190.592s85.312-190.592 190.592-190.592 190.592 85.312 190.592 190.592-85.312 190.592-190.592 190.592z",
          "M617.728 512c0 58.392-47.336 105.728-105.728 105.728s-105.728-47.336-105.728-105.728c0-58.392 47.336-105.728 105.728-105.728s105.728 47.336 105.728 105.728z"
        ],
        "attrs": [
          {},
          {}
        ],
        "isMulticolor": false,
        "isMulticolor2": false,
        "grid": 16,
        "tags": [
          "eye"
        ]
      },
      "attrs": [
        {},
        {}
      ],
      "properties": {
        "order": 60,
        "id": 18,
        "name": "eye",
        "prevSize": 32,
        "code": 59666
      },
      "setIdx": 0,
      "setId": 1,
      "iconIdx": 19
    }
  ],
  "height": 1024,
  "metadata": {
    "name": "icomoon"
  },
  "preferences": {
    "showGlyphs": true,
    "showQuickUse": true,
    "showQuickUse2": true,
    "showSVGs": true,
    "fontPref": {
      "prefix": "icon-",
      "metadata": {
        "fontFamily": "icomoon",
        "majorVersion": 1,
        "minorVersion": 0
      },
      "metrics": {
        "emSize": 1024,
        "baseline": 6.25,
        "whitespace": 50
      },
      "embed": false,
      "noie8": true,
      "ie7": false
    },
    "imagePref": {
      "prefix": "icon-",
      "png": true,
      "useClassSelector": true,
      "color": 0,
      "bgColor": 16777215,
      "classSelector": ".icon"
    },
    "historySize": 50,
    "showCodes": true,
    "gridSize": 16,
    "showGrid": true
  }
}