{
  "IcoMoonType": "selection",
  "icons": [
    {
      "icon": {
        "paths": [
          "M736 64h-608c-35.328 0-64 28.608-64 64v768c0 35.392 28.672 64 64 64h768c35.328 0 64-28.608 64-64v-608l-224-224zM512 672c-88.384 0-160-71.68-160-160s71.616-160 160-160 160 71.68 160 160-71.616 160-160 160zM736 320h-448v-192h448v192z"
        ],
        "attrs": [
          {}
        ],
        "grid": 0,
        "tags": [
          "save"
        ],
        "isMulticolor": false,
        "isMulticolor2": false
      },
      "attrs": [
        {}
      ],
      "properties": {
        "order": 19,
        "id": 0,
        "name": "save",
        "prevSize": 32,
        "code": 59648
      },
      "setIdx": 0,
      "setId": 3,
      "iconIdx": 0
    },
    {
      "icon": {
        "paths": [
          "M768 960c128-192 128-448-384-448v192l-320-320 320-320v192c576 0 640 540.096 384 704z"
        ],
        "attrs": [
          {}
        ],
        "isMulticolor": false,
        "isMulticolor2": false,
        "grid": 0,
        "tags": [
          "revert"
        ]
      },
      "attrs": [
        {}
      ],
      "properties": {
        "order": 20,
        "id": 1,
        "name": "revert",
        "prevSize": 32,
        "code": 59649
      },
      "setIdx": 0,
      "setId": 3,
      "iconIdx": 1
    },
    {
      "icon": {
        "paths": [
          "M224 960h576l64-576h-704z",
          "M833.472 192c-0.448 0-0.832 0.256-1.28 0.256l-0.192-0.256h-192v-64c0-35.392-28.672-64-64-64h-128c-35.328 0-64 28.608-64 64v64h-192l-0.256 0.256c-0.448 0-0.832-0.256-1.216-0.256-34.56 0-62.528 28.032-62.528 62.528v65.472h768v-65.472c0-34.496-27.968-62.528-62.528-62.528zM576 192h-128v-64h128v64z"
        ],
        "attrs": [
          {},
          {}
        ],
        "isMulticolor": false,
        "isMulticolor2": false,
        "grid": 0,
        "tags": [
          "delete"
        ]
      },
      "attrs": [
        {},
        {}
      ],
      "properties": {
        "order": 21,
        "id": 3,
        "name": "delete",
        "prevSize": 32,
        "code": 59650
      },
      "setIdx": 0,
      "setId": 3,
      "iconIdx": 2
    },
    {
      "icon": {
        "paths": [
          "M576 64h-384v896h640v-640l-256-256zM768 320h-192v-192z"
        ],
        "attrs": [
          {}
        ],
        "isMulticolor": false,
        "isMulticolor2": false,
        "grid": 0,
        "tags": [
          "file"
        ]
      },
      "attrs": [
        {}
      ],
      "properties": {
        "order": 22,
        "id": 2,
        "name": "file",
        "prevSize": 32,
        "code": 59651
      },
      "setIdx": 0,
      "setId": 3,
      "iconIdx": 3
    },
    {
      "icon": {
        "paths": [
          "M640 192h-320v768h512v-576l-192-192zM640 384v-128l128 128h-128z",
          "M576 64h-384v832h64v-768h384z"
        ],
        "attrs": [
          {},
          {}
        ],
        "grid": 0,
        "tags": [
          "duplicate"
        ],
        "isMulticolor": false,
        "isMulticolor2": false
      },
      "attrs": [
        {},
        {}
      ],
      "properties": {
        "order": 23,
        "id": 5,
        "name": "duplicate",
        "prevSize": 32,
        "code": 59652
      },
      "setIdx": 0,
      "setId": 3,
      "iconIdx": 4
    },
    {
      "icon": {
        "paths": [
          "M960 384h-320v-320h-256v320h-320v256h320v320h256v-320h320z"
        ],
        "attrs": [
          {}
        ],
        "isMulticolor": false,
        "isMulticolor2": false,
        "grid": 0,
        "tags": [
          "add"
        ]
      },
      "attrs": [
        {}
      ],
      "properties": {
        "order": 24,
        "id": 4,
        "name": "add",
        "prevSize": 32,
        "code": 59653
      },
      "setIdx": 0,
      "setId": 3,
      "iconIdx": 5
    }
  ],
  "height": 1024,
  "metadata": {
    "name": "icomoon"
  },
  "preferences": {
    "showGlyphs": true,
    "showQuickUse": true,
    "showQuickUse2": true,
    "showSVGs": true,
    "fontPref": {
      "prefix": "icon-",
      "metadata": {
        "fontFamily": "icomoon",
        "majorVersion": 1,
        "minorVersion": 0
      },
      "metrics": {
        "emSize": 1024,
        "baseline": 6.25,
        "whitespace": 50
      },
      "embed": false,
      "noie8": true,
      "ie7": false
    },
    "imagePref": {
      "prefix": "icon-",
      "png": true,
      "useClassSelector": true,
      "color": 0,
      "bgColor": 16777215,
      "classSelector": ".icon"
    },
    "historySize": 50,
    "showCodes": true,
    "gridSize": 16,
    "showGrid": true
  }
}